{
  "miniapp": {
    "version": "1",
    "name": "Degen Slots",
    "homeUrl": "https://degen-slots.vercel.app",
    "iconUrl": "https://degen-slots.vercel.app/icon.png",
    "splashImageUrl": "https://degen-slots.vercel.app/og.png",
    "splashBackgroundColor": "#04040a",
    "subtitle": "Spin on Base L2",
    "description": "Free-to-play crypto slot machine with $DEGEN, $BRETT, $MIGGLES and more Base tokens. No wallet needed.",
    "primaryCategory": "games",
    "tags": ["slots", "casino", "base", "degen", "free"],
    "heroImageUrl": "https://degen-slots.vercel.app/og.png",
    "tagline": "Spin to win on Base",
    "ogTitle": "Degen Slots — Spin on Base L2",
    "ogDescription": "Free-to-play crypto slot machine. $DEGEN jackpot 60×. No wallet needed.",
    "ogImageUrl": "https://degen-slots.vercel.app/og.png"
  }
}
